name,inaugurals,d-sep,timeAnY,dSepTime,i-sep,timeAnXYZ,iSepTime,saving,time-saving
Munin,0.0,477126,5.560850381851196,148.72544050216675,57728,15.846590757369995,85.94428706169128,88.0,42.0
