name,inaugurals,d-sep,timeAnY,dSepTime,i-sep,timeAnXYZ,iSepTime,saving,time-saving
Munin,0.0,12053,0.8546476364135742,4.67563796043396,5333,0.041480064392089844,3.183518171310425,56.0,32.0
