name,inaugurals,d-sep,timeAnY,dSepTime,i-sep,timeAnXYZ,iSepTime,saving,time-saving
Hepar2,0.0,120969,0.08880162239074707,4.729864835739136,72379,0.19008970260620117,7.863816738128662,40.0,-66.0
Win95pts,0.0,46455,0.08212137222290039,2.166011333465576,35648,0.20434165000915527,2.451305866241455,23.0,-13.0
