name,inaugurals,d-sep,timeAnY,dSepTime,i-sep,timeAnXYZ,iSepTime,saving,time-saving
Alarm,0.0,35460,0.043087005615234375,0.9992778301239014,24590,0.10699772834777832,1.1252551078796387,31.0,-13.0
Barley,0.0,76940,0.07061910629272461,2.8321316242218018,56350,0.16036272048950195,3.2396018505096436,27.0,-14.0
Child,0.0,36343,0.027529478073120117,0.7363545894622803,27335,0.0791158676147461,0.975895881652832,25.0,-33.0
Hailfinder,0.0,51487,0.05462288856506348,1.601985216140747,42897,0.14201974868774414,1.979318380355835,17.0,-24.0
Insurance,0.0,58661,0.03759050369262695,1.5579545497894287,38406,0.09099221229553223,1.8939738273620605,35.0,-22.0
Mildew,0.0,43485,0.04548001289367676,1.2755541801452637,32649,0.11646866798400879,1.3133461475372314,25.0,-3.0
Water,0.0,41250,0.04104351997375488,1.3852221965789795,25127,0.10046648979187012,1.7157354354858398,39.0,-24.0
