name,inaugurals,d-sep,timeAnY,dSepTime,i-sep,timeAnXYZ,iSepTime,saving,time-saving
Alarm,0.0,34807,0.2378537654876709,1.1421267986297607,23897,0.6644058227539062,1.8208982944488525,31.0,-59.0
Barley,0.0,75998,0.7599709033966064,3.32897686958313,55314,1.8924996852874756,5.459031581878662,27.0,-64.0
Child,0.0,36887,0.09534335136413574,0.7635462284088135,27927,0.22578001022338867,1.1385231018066406,24.0,-49.0
Hailfinder,0.0,48950,0.4188966751098633,1.8074960708618164,40148,1.2195589542388916,3.2645277976989746,18.0,-81.0
Insurance,0.0,59292,0.3901503086090088,1.8323915004730225,39446,0.9986433982849121,3.096478223800659,33.0,-69.0
Mildew,0.0,43128,0.5257680416107178,1.6713099479675293,32561,1.3510608673095703,2.9463870525360107,25.0,-76.0
Water,0.0,41644,0.33185338973999023,1.6208434104919434,25370,0.8647816181182861,2.6907765865325928,39.0,-66.0
