name,inaugurals,d-sep,timeAnY,dSepTime,i-sep,timeAnXYZ,iSepTime,saving,time-saving
Alarm,0.0,1753,0.002231597900390625,0.04857683181762695,1202,0.005162715911865234,0.053709983825683594,31.0,-11.0
Barley,0.0,4120,0.002875804901123047,0.1529860496520996,3036,0.007169961929321289,0.19373106956481934,26.0,-27.0
Child,0.0,1606,0.0013115406036376953,0.032845258712768555,1213,0.003286600112915039,0.04340004920959473,24.0,-32.0
Hailfinder,0.0,2231,0.002318143844604492,0.06613326072692871,1781,0.00677037239074707,0.08328509330749512,20.0,-26.0
Insurance,0.0,2860,0.001966238021850586,0.08332991600036621,1808,0.004863262176513672,0.09954428672790527,37.0,-19.0
Mildew,0.0,1822,0.002983570098876953,0.05646824836730957,1271,0.005524873733520508,0.05288100242614746,30.0,6.0
Water,0.0,2052,0.002135753631591797,0.07198548316955566,1248,0.005691051483154297,0.09251880645751953,39.0,-29.0
