name,inaugurals,d-sep,timeAnY,dSepTime,i-sep,timeAnXYZ,iSepTime,saving,time-saving
Hepar2,0.0,106514,0.5995278358459473,4.636118650436401,54410,1.3366165161132812,8.192628860473633,49.0,-77.0
Win95pts,0.0,28411,0.2694556713104248,1.5974912643432617,14114,0.7839553356170654,2.3185040950775146,50.0,-45.0
