name,inaugurals,d-sep,timeAnY,dSepTime,i-sep,timeAnXYZ,iSepTime,saving,time-saving
Andes,0.0,400924,0.5056567192077637,46.574429988861084,360630,0.8473522663116455,48.677661657333374,10.0,-5.0
Link,0.0,1199141,2.110623598098755,481.40832901000977,1076361,3.3390109539031982,502.5338611602783,10.0,-4.0
Pathfinder,0.0,156637,0.1872246265411377,12.670438528060913,132535,0.385908842086792,16.1104416847229,15.0,-27.0
Pigs,0.0,449760,1.0041723251342773,87.07026481628418,373131,1.7249171733856201,91.94063949584961,17.0,-6.0
